Cohort,Split,N,Age (mean ± SD),Female (%),Stage I (%),Stage II (%),Stage III (%),Stage IV (%),Median Follow-up (mo),Event Rate
TCGA-BRCA,Train,612,58.6 ± 13.6,99.0,22,44,23,11,51.3,0.38
TCGA-BRCA,Val,153,57.1 ± 13.6,100.0,26,36,29,9,63.0,0.39
TCGA-BRCA,Test,147,58.2 ± 13.6,99.5,22,43,23,12,57.3,0.32
TCGA-LUAD,Train,356,65.9 ± 9.9,53.1,33,28,27,12,47.8,0.42
TCGA-LUAD,Val,88,65.0 ± 10.8,53.4,39,23,26,12,48.3,0.41
TCGA-LUAD,Test,86,64.8 ± 10.8,53.8,38,23,28,11,41.2,0.41
External-A,External,247,57.4 ± 15.0,98.0,18,38,32,12,17.8,0.42
External-B,External,183,58.6 ± 13.0,99.8,28,36,23,13,33.2,0.45
HTAN-BRCA,Pretrain,48,53.3 ± 11.4,100.0,34,41,18,7,44.2,0.25
